timeindex,cc_profile
2015-01-01T00:00:00Z,100
2015-01-01T01:00:00Z,101
2015-01-01T02:00:00Z,102
2015-01-01T03:00:00Z,103
2015-01-01T04:00:00Z,104
2015-01-01T05:00:00Z,105
2015-01-01T06:00:00Z,106
2015-01-01T07:00:00Z,107
2015-01-01T08:00:00Z,108
2015-01-01T09:00:00Z,109
2015-01-01T10:00:00Z,110
2015-01-01T11:00:00Z,111
2015-01-01T12:00:00Z,112
2035-01-01T00:00:00Z,113
2035-01-01T01:00:00Z,114
2035-01-01T02:00:00Z,115
2035-01-01T03:00:00Z,116
2035-01-01T04:00:00Z,117
2035-01-01T05:00:00Z,118
2035-01-01T06:00:00Z,119
2035-01-01T07:00:00Z,120
2035-01-01T08:00:00Z,121
2035-01-01T09:00:00Z,122
2035-01-01T10:00:00Z,123
2035-01-01T11:00:00Z,124
2035-01-01T12:00:00Z,125
2050-01-01T00:00:00Z,126
2050-01-01T01:00:00Z,127
2050-01-01T02:00:00Z,128
2050-01-01T03:00:00Z,129
2050-01-01T04:00:00Z,130
2050-01-01T05:00:00Z,131
2050-01-01T06:00:00Z,132
2050-01-01T07:00:00Z,133
2050-01-01T08:00:00Z,134
2050-01-01T09:00:00Z,135
2050-01-01T10:00:00Z,136
2050-01-01T11:00:00Z,137
2050-01-01T12:00:00Z,138
