timeindex,periods, increment
2015-01-01T00:00:00Z,0,1
2015-01-01T01:00:00Z,0,1
2015-01-01T02:00:00Z,0,1
2015-01-01T03:00:00Z,0,1
2015-01-01T04:00:00Z,0,1
2015-01-01T05:00:00Z,0,1
2015-01-01T06:00:00Z,0,1
2015-01-01T07:00:00Z,0,1
2015-01-01T08:00:00Z,0,1
2015-01-01T09:00:00Z,0,1
2015-01-01T10:00:00Z,0,1
2015-01-01T11:00:00Z,0,1
2015-01-01T12:00:00Z,0,1
2035-01-01T00:00:00Z,1,1
2035-01-01T01:00:00Z,1,1
2035-01-01T02:00:00Z,1,1
2035-01-01T03:00:00Z,1,1
2035-01-01T04:00:00Z,1,1
2035-01-01T05:00:00Z,1,1
2035-01-01T06:00:00Z,1,1
2035-01-01T07:00:00Z,1,1
2035-01-01T08:00:00Z,1,1
2035-01-01T09:00:00Z,1,1
2035-01-01T10:00:00Z,1,1
2035-01-01T11:00:00Z,1,1
2035-01-01T12:00:00Z,1,1
2050-01-01T00:00:00Z,2,1
2050-01-01T01:00:00Z,2,1
2050-01-01T02:00:00Z,2,1
2050-01-01T03:00:00Z,2,1
2050-01-01T04:00:00Z,2,1
2050-01-01T05:00:00Z,2,1
2050-01-01T06:00:00Z,2,1
2050-01-01T07:00:00Z,2,1
2050-01-01T08:00:00Z,2,1
2050-01-01T09:00:00Z,2,1
2050-01-01T10:00:00Z,2,1
2050-01-01T11:00:00Z,2,1
2050-01-01T12:00:00Z,2,1
